ori,ff_shootings_total,shr_homicides_total,shr_police_total
NY0303000,52,2053,47
ILCPD0000,45,3773,6
CA0190000,86,517,38
CA0194200,104,1755,73
PAPEP0000,25,2169,21
TXHPD0000,53,2292,27
NV0020100,55,1016,47
DCMPD0000,16,1075,21
TXDPD0000,16,1363,21
FL0130000,36,0,0
AZ0072300,89,956,87
MI8234900,18,2035,19
CA0370000,15,128,4
TXSPD0000,50,955,41
MDBPD0000,20,1816,15
TX1010000,27,750,31
NY0290000,4,69,0
MA0130100,10,319,0
CA0380100,16,301,6
INIPD0000,20,1165,14
TNMPD0000,12,1627,6
HI0020000,22,158,13
CA0360000,34,143,13
OHCOP0000,35,868,9
CA0371100,27,341,21
CA0300000,9,7,1
MD0030100,21,243,15
NC0600100,18,628,15
CA0330000,44,147,13
FL0500000,8,0,0
WIMPD0000,14,1078,18
GAAPD0000,16,713,4
TX2201200,18,539,8
FL0480000,13,0,0
TX2270100,29,297,6
FL0060000,11,0,0
OHCLP0000,8,731,0
MD0172100,10,433,10
TN0190100,14,656,9
CODPD0000,37,492,25
VA0290100,2,118,3
MOKPD0000,27,966,17
FL0130600,5,0,0
CA0340000,15,229,8
FL0290000,12,0,0
MD0160400,10,145,9
TX2200000,1,19,0
CA0430000,1,15,0
WASPD0000,16,220,13
CA0431300,21,224,19
LANPD0000,8,938,7
TX0710200,15,154,8
MOSPD0000,23,1272,23
OK0550600,37,548,21
KY0568000,23,842,4
CA0010000,4,39,0
NJNPD0000,8,517,8
OHCIP0000,6,477,0
NM0010100,30,544,14
FL0290200,10,0,0
MO0950000,14,250,4
PAPPD0000,7,227,5
NB0280200,10,178,3
MI6316300,1,5,2
LA0260000,13,252,7
AZ0071700,25,169,23
FL0480400,14,0,0
AZ0100300,29,266,18
FL0520000,9,0,0
OK0720500,26,471,25
OR0260200,18,255,12
CA0194100,21,205,14
CA0100500,18,289,12
CO0210100,21,212,16
AL0010200,9,89,1
VA1280000,7,125,6
CA0150000,13,258,17
NY0140100,3,349,3
CA0340400,13,260,11
GA0670200,8,117,5
LA0170000,8,98,0
GA0440200,12,663,5
FL0360000,5,0,0
CO0010100,15,222,9
CA0010900,9,492,12
TN0790000,10,38,0
TX2200100,13,150,7
FL0530000,19,0,0
NC0410200,5,269,1
NY0270100,6,194,1
VA0430100,1,112,0
KS0870300,13,246,4
NC0920100,5,58,0
MN0271100,9,378,2
GA0330200,15,128,5
OH0250000,6,11,0
VA0750300,2,84,2
GA0600000,1,1,0
CA0070000,4,43,0
VA1220000,5,429,0
AZ0070000,9,78,4
MN0620900,9,178,9
MI8218200,1,0,0
CA0560000,3,15,1
NY0590700,1,45,0
FL0510000,6,0,0
FL0410000,6,0,0
LA0100000,2,37,0
AL0010000,2,12,0
OH0480700,7,279,6
TX0150000,12,97,0
LA0170200,7,573,8
FL0110000,3,0,0
VA0530000,1,19,0
FL0420000,7,0,0
VA1170000,8,286,3
NJ0160000,1,0,0
FL0521400,4,0,0
VA0210100,2,66,1
FL0050000,9,0,0
LA0090100,11,292,10
AR0600200,6,315,4
SC0400000,2,180,0
CA0500000,6,68,1
CA0540000,7,87,2
TX2400100,6,63,0
AZ0100000,11,106,8
FL0060300,4,0,0
CO0210000,7,53,0
TX1700000,6,87,4
SC0230000,16,186,16
GA0250300,7,179,2
UT0180300,14,92,8
CA0420000,4,10,0
WI0130100,3,64,3
GA0330000,2,0,0
MD0140100,3,25,2
NV0020300,9,81,10
IN0020100,4,241,5
NC0320100,4,242,1
AL0020100,5,115,0
NC0340200,3,133,4
FL0590000,1,0,0
OH0770100,7,237,0
FL0490000,2,0,0
MA0146000,1,57,1
LA0520000,7,50,1
AL0030100,5,0,0
VA1160000,5,178,1
AL0470100,9,0,0
WI0130000,1,18,0
CA0390500,13,283,11
HI0010000,12,48,4
TX1780200,12,193,11
CA0150200,24,215,15
TX1520200,3,139,3
TN0330100,8,195,4
CO0010000,10,50,0
TX0430600,4,43,3
FL0130700,5,0,0
AK0010100,13,175,13
SC0100100,2,88,0
NV0160000,4,11,0
AZ0071300,15,104,8
FL0580000,2,0,0
CA0100000,5,65,2
NJ0160800,5,117,6
TN0470000,5,40,3
CO0030000,8,16,0
CT0006400,2,172,0
FL0170000,10,0,0
IL0220000,1,6,0
CA0300100,13,74,10
NC0650000,3,22,0
FL0640000,15,0,0
MN0620000,1,8,1
TN0470100,6,184,2
CO0300000,5,15,1
TX0571500,6,55,0
VA1030000,2,92,1
DE0020300,2,74,2
NY0330100,6,141,5
AZ0072500,5,44,6
NJ0070000,1,2,1
LA0370000,3,29,0
NJ0040800,3,168,3
FL0370300,6,0,0
NJ0130000,1,0,0
FL0270000,7,0,0
IA0770300,4,101,2
CA0331300,5,84,2
FL0550000,5,0,0
CA0301900,12,116,8
CO0180000,5,21,0
GA0580000,5,11,0
OH0570200,6,238,0
NB0550100,3,36,2
NC0260100,6,192,2
TX1880100,12,119,8
GA1210000,3,79,0
WA0320400,15,96,9
TX0571100,6,85,6
LA0090000,2,8,0
GA1060100,3,117,0
SC0420000,6,93,4
GA0310100,5,204,0
VA0070100,2,17,2
FL0560000,4,0,0
CT0001500,1,122,1
AZ0070500,8,43,4
NV0160100,12,110,6
NC0920000,1,29,1
AZ0072900,9,43,6
TX0840000,1,28,5
KS1050200,8,26,0
SC0400100,1,124,0
UT0180000,11,95,0
LA0320000,2,36,0
WA0270300,8,117,1
LA0080000,4,10,0
CA0390000,5,43,0
FL0060500,3,0,0
FL0460000,3,0,0
TN0630100,5,114,3
CA0410000,1,15,0
OH0770000,1,8,0
MD0130000,3,29,1
HI0050000,2,23,2
MO0390300,11,117,12
CA0400000,5,11,0
DE0020600,4,194,2
NM0010000,15,47,2
GA0280000,1,14,0
NV0020200,8,160,6
VA0990000,2,28,1
MD0090000,1,24,1
FL0350000,8,0,0
AZ0071100,3,28,2
IL0450100,2,36,0
FL0130400,3,0,0
SC0320000,7,83,3
FL0500800,1,0,0
WI0410000,2,12,1
WA0310000,6,25,1
FL0080000,4,0,0
CO0350000,3,15,1
MI4143600,1,90,0
IN0820100,9,81,0
NY0010100,1,47,0
IL1010400,3,150,0
FL0100000,6,0,0
ID0010100,12,25,0
CO0300400,13,51,4
TX0571200,3,54,1
MS0250100,7,428,0
CT0015100,1,69,1
LA0280300,2,89,0
TX1080000,2,72,1
TX1011500,4,44,1
GA0360000,1,8,0
AL0630100,2,2,0
FL0360200,3,0,0
SD0490200,2,41,0
SC0100000,4,51,2
FL0370000,2,0,0
MI2512500,1,6,0
GA0110000,4,211,3
FL0010000,4,0,0
NJ0111100,2,133,3
GA0750500,3,34,2
FL0430000,3,0,0
KS0890100,5,99,0
SC0260400,5,132,0
CA0360700,6,47,3
GA0690000,3,27,1
SC0040000,7,110,7
CT0013500,1,26,0
NC0410000,3,23,3
OR0340000,4,28,2
NC0340000,1,20,0
NJ0010200,4,66,2
TX0710000,3,35,1
NY0510000,6,0,0
WA0270000,15,90,2
TX1551200,6,69,0
IL0990700,4,53,0
KS0460600,3,26,1
FL0560200,2,0,0
CA0310000,3,15,0
FL0531200,5,0,0
NC0260000,2,17,0
MI4114100,2,26,4
FL0010100,1,0,0
CA0361000,12,306,14
MI3949900,2,59,0
FL0060800,2,0,0
NC0650200,1,96,0
TX1230100,5,114,4
CA0370200,2,35,2
FL0570000,3,0,0
VA0880000,1,19,0
FL0360100,1,0,0
GA1220000,1,20,0
FL0520300,3,0,0
TN0750000,2,13,1
MA0092600,1,20,0
LA0550000,5,26,0
TX0571800,4,59,2
LA0440000,1,9,1
GA0750000,2,1,0
NC0410300,1,106,0
TX0140400,3,114,0
IL0990000,2,22,0
CA0560400,1,76,1
NC0900000,1,21,0
CO0010400,3,48,2
NC0110000,1,20,0
TX0310100,4,23,0
CA0490000,1,17,0
OH0090000,2,2,0
TX0430500,2,22,0
UT0290000,1,6,0
IA0570100,3,44,4
NH0063400,2,30,0
IN0710200,3,112,2
MA0030800,3,16,0
CA0195300,4,34,3
SC0210000,3,85,0
NY0330000,1,12,0
FL0640100,3,0,0
PA0390100,3,58,3
IL0840200,1,58,1
GA0480000,4,24,0
WA0060300,8,38,0
CO0350300,5,29,3
FL0090000,5,0,0
FL0600000,2,0,0
GA0290100,2,21,0
TX2210100,2,49,1
MI5080600,1,42,0
CA0197200,5,15,5
NJ0122500,1,7,1
VA0890000,1,40,1
FL0062200,2,0,0
WI0300100,1,51,1
SC0260600,4,37,3
FL0139700,2,0,0
AZ0110000,3,41,3
SC0460000,1,29,0
CA0431600,4,7,1
SC0230200,2,39,1
TN0570100,2,75,2
OK0720000,2,20,0
UT0182500,5,60,0
CA0240000,5,32,1
OH0570000,4,31,0
CO0510100,16,89,5
CA0371000,1,49,0
VA1230000,3,97,0
TX2430500,2,47,2
IL0720700,3,83,3
OR0030000,10,38,0
SC0070000,1,55,1
TX1520000,2,7,0
FL0130200,1,0,0
AL0020000,4,9,0
WA0310300,1,36,1
MA0120300,3,43,0
FL0660000,1,0,0
KS0870000,4,18,0
CA0360400,8,49,5
TX0610200,2,24,0
MO0480600,9,69,4
NC0100000,1,0,0
CA0130000,1,10,0
ID0010000,2,5,0
MI3351900,2,91,0
MI8234300,4,18,1
CA0010500,9,14,4
AZ0072100,2,37,1
FL0310000,4,0,0
OR0200200,4,23,0
GA1100000,3,17,0
FL0061200,2,0,0
FL0420100,1,0,0
WA0170000,10,67,3
MD0110000,2,11,2
NC0130100,1,30,0
GA1550000,3,4,0
CA0500200,8,97,4
KS0460500,2,17,0
IL0450600,1,9,1
MA0051400,5,33,0
CA0301000,5,10,0
CA0120000,1,32,0
TN0940000,1,10,0
NC0490000,3,22,0
OR0090000,1,4,0
OR0240200,4,37,3
ND0090200,1,33,0
CA0193300,4,67,2
GA0380000,2,22,1
TX0610000,5,1,0
NC0740300,5,37,0
NJ0090100,1,6,0
FL0062700,2,0,0
NC0760000,4,4,0
GA0920000,3,4,0
GA0440000,1,0,0
WI0050200,3,26,3
TX2120000,1,40,0
TN0050000,1,13,1
VA1200000,3,157,1
VA1270000,1,28,0
PA0250200,1,52,1
AL0011200,2,18,0
WI0520200,2,35,1
TX0570400,3,25,0
TX1050000,2,10,0
TX2260100,4,34,0
TN0330000,6,18,7
CA0300900,4,25,0
NM0070100,12,46,1
NC0920300,1,15,0
TX1080400,3,20,0
NJ0110300,1,16,1
IN0450500,4,270,7
CA0010600,4,50,2
CO0010500,12,56,13
AR0600300,3,102,1
TX0201000,3,14,0
UT0250000,4,12,2
TX2460500,2,15,0
NY0590400,1,10,0
FL0060600,2,0,0
AR0160100,3,47,0
MO0500000,3,31,0
OK0160100,6,73,1
CA0490500,1,23,0
TX1650100,2,44,1
TX1081000,4,5,0
NJ0160700,1,11,1
SC0080000,4,55,1
NC0360600,3,45,0
GA0080000,3,8,0
MO0100200,3,54,0
IA0820200,2,60,3
NC0110100,1,54,0
FL0050700,3,0,0
RI0020300,1,7,0
TX0920500,3,68,0
CO0300100,8,24,6
NJ0150700,1,6,1
GA1070000,3,35,0
IN0450000,3,14,0
CO0070100,3,15,1
TX1010100,3,44,1
KY0080000,1,8,0
NY0435000,1,3,1
OH0760400,1,66,1
AR0040000,2,18,0
OH0180000,1,5,0
CT0008900,2,15,0
AL0380100,1,1,0
FL0280000,3,0,0
WV0200200,3,58,0
MD0160000,1,0,0
PA0061400,1,59,0
NJ0070900,1,51,1
FL0520800,2,0,0
MS0170000,3,12,1
MT0560100,9,42,1
FL0500400,1,0,0
LA0490000,1,28,0
CA0191200,1,4,0
MS0300000,1,7,0
CA0331500,4,19,0
TX1700100,2,21,0
GA0600500,1,14,0
MN0690600,1,11,1
CA0301500,2,20,0
SC0180000,1,30,1
VA1140000,1,31,0
GA1470000,4,9,0
IA0770000,1,9,0
CO0620200,8,41,7
CO0070400,2,10,1
NC0180000,1,19,0
RI0040200,1,8,0
NJ0150000,1,0,0
MS0240200,6,72,2
TN0900100,1,25,2
NY0450000,1,5,1
CA0540700,6,39,0
CA0440000,2,15,0
TX0680200,5,72,5
IL0490000,2,11,1
NC0670000,2,23,0
NC0450000,2,5,0
SC0390000,1,24,0
FL0131100,1,0,0
NY0460100,2,26,1
NJ0061400,3,18,3
NJ0071700,1,35,1
CA0195500,5,82,2
TX0210200,3,17,2
FL0051200,4,0,0
IL0492100,2,26,0
FL0500300,3,0,0
ME0030500,1,12,1
NC0010000,2,23,0
WA0170700,6,47,0
TX0200000,3,24,1
SC0100800,4,209,3
NJ0150600,2,6,2
FL0170100,2,0,0
CA0370600,5,32,3
MN0550100,1,17,0
TX0430100,3,3,0
CA0301400,1,9,1
AZ0072700,2,25,2
AR0720200,2,7,0
AR0720000,3,13,0
LA0510000,2,10,0
WA0060000,7,27,1
CA0270800,3,131,2
TX0140700,2,43,0
MI7017000,2,18,0
MO0390000,1,17,1
CT0003400,1,10,1
FL0450000,6,0,0
CO0510000,4,13,1
TX0840400,1,23,0
CA0431400,4,9,1
AL0050000,4,0,0
ID0140200,5,25,0
NB0280000,2,8,0
MA0093300,1,0,0
TN0820000,4,24,2
LA0100200,3,51,0
RI0040800,2,17,1
LA0260300,1,30,0
CA0340H00,1,8,1
GA0605600,1,21,0
AL0590000,3,0,0
MD0110300,1,14,1
CA0230000,2,28,0
CA0560800,1,19,0
AR0660100,2,40,1
NM0070000,3,11,0
NC0780000,2,89,0
IN0200100,4,28,0
KS0230100,1,0,0
CA0310500,1,11,1
WA0390500,4,83,3
NM0260100,5,14,0
TN0830400,1,6,0
GA0560000,2,11,2
VA0440000,1,25,0
OR0340300,5,17,4
CA0300400,1,8,0
MO0480800,1,10,1
VA0340000,1,11,0
CA0450000,5,30,0
PA0360500,4,24,1
NY0410200,2,30,3
TX1230000,2,4,0
NC0360500,4,23,0
PA0233700,2,17,0
UT0030000,1,2,0
AL0470000,1,0,0
AZ0140500,2,60,0
TX1081100,1,15,0
SD0510100,5,52,0
IN0790100,1,20,0
CO0390000,4,18,1
IN0840100,3,24,0
CA0070400,2,23,2
OR0340100,4,7,0
VA0800300,2,10,0
GA0920100,1,35,0
CA0071000,3,104,2
AZ0070100,3,32,0
OR0150000,3,31,0
MO0360000,1,7,0
PA0220200,4,74,0
NC0430000,1,45,0
IN0290100,2,2,0
IA0970100,1,21,1
MO0110100,3,43,2
GA0470100,2,99,0
MS0240100,4,21,0
SC0020000,5,59,0
SC0290000,2,36,2
MN0020000,1,6,0
AL0430100,1,0,0
NC0510000,1,16,0
ND0080100,2,8,0
GA0760000,3,5,0
MO0240000,2,3,0
TX0840800,5,22,4
NM0230600,1,8,0
UT0290100,8,35,0
MS0170100,1,11,0
CA0197600,4,16,0
NC0550000,2,7,0
NY0145500,1,8,1
CA0580000,5,24,1
TN0790600,1,3,0
AR0600000,1,28,0
WA0173600,5,48,3
AR0720100,2,26,3
FL0580300,2,0,0
WI0680500,5,11,3
AR0230100,1,20,0
NJ0090800,1,4,1
NC0010100,1,34,0
NJ0070200,1,4,1
WI0411600,1,18,1
FL0540000,2,0,0
TN0830000,1,15,0
GA0160000,2,4,0
OK0550300,2,11,0
CA0420300,1,7,0
SC0430000,1,33,0
OH0090200,2,26,0
FL0502600,1,0,0
GA0070000,1,3,0
LA0600000,1,4,0
WA0180000,1,23,0
ID0010300,3,10,0
NC0290000,6,14,0
CA0420400,3,34,1
MI8253800,1,2,0
CO0640100,1,9,0
MN0820000,2,5,0
FL0130500,2,0,0
TX2350100,1,21,0
OH0120000,1,1,0
NC0740000,1,24,0
NC0800000,1,28,0
IL0163200,1,14,0
IA0780100,1,13,0
LA0500000,2,21,0
CA0370500,3,22,2
FL0061800,1,0,0
CT0004300,1,10,0
NM0240200,4,16,0
IN0710000,1,13,1
IN0290700,1,6,0
AZ0130000,7,20,0
NC0230000,1,6,0
MS0240000,3,10,0
SC0420100,2,42,1
CA0192200,4,34,2
MN0270100,1,14,0
CO0390100,5,21,1
IL1010000,1,16,0
UT0180600,6,17,3
OR0260100,3,43,0
WA0370100,1,12,0
LA0400100,1,96,0
CA0300800,3,12,0
WA0171300,4,26,0
CA0360200,3,13,2
VA0980000,1,19,1
TN0060000,3,9,0
TX0140000,1,4,0
KS0890000,2,3,0
WI0300000,1,7,0
VA1070000,2,68,0
WA0320000,5,29,1
CA0480300,3,42,0
IL0100100,2,35,0
MS0610000,3,12,0
MT0320100,4,20,4
MN0730400,1,18,0
IA0070300,1,34,0
TX1230700,2,57,1
FL0560100,3,0,0
CA0070100,4,65,3
MI3913900,5,24,0
CA0192000,1,21,0
MO0920100,1,8,1
WA0170100,5,37,2
GA1260000,3,8,0
CA0360900,5,29,0
NJ0133100,1,1,1
CO0010300,4,23,2
NV0120000,5,14,0
LA0160000,1,10,0
UT0180500,1,9,0
CO0070000,2,7,2
TN0790100,1,6,0
TX1550000,1,5,0
NC0180200,1,36,0
MS0410100,2,0,0
MO0480000,3,6,0
CA0280000,2,2,0
OH0184200,1,5,0
TN0780000,1,6,1
MA0122000,1,2,0
FL0131800,1,0,0
TN0820200,1,22,0
KY0590100,1,20,0
VA0600000,1,11,0
NV0160200,9,27,3
AZ0070300,2,18,2
OR0150400,4,19,1
NC0980100,1,40,0
AL0410100,2,2,0
LA0570000,1,10,0
MI6378400,1,9,0
FL0061100,1,0,0
CT0007700,2,9,0
IN0530000,1,5,0
WY0130000,1,2,0
WI0450100,3,14,2
TX1050100,2,26,0
CT0005100,1,1,0
NV0030000,2,13,1
NC0250000,1,17,0
TN0790200,1,2,0
CA0191800,2,1,1
LA0010000,1,18,0
WA0170800,3,8,4
CO0350400,4,15,3
AZ0030100,6,14,1
CA0200000,1,15,0
FL0521100,2,0,0
MA0091700,2,10,0
CA0480600,2,9,1
LA0530000,2,64,0
IL0560000,1,3,0
NC0680000,2,7,0
NB0770100,1,12,0
TX0940000,1,8,0
MS0180100,3,38,1
SC0430100,1,36,0
AL0010900,1,0,0
OH0210000,1,5,0
NJ0180800,1,11,0
CT0013800,1,7,0
VA1020000,1,14,0
LA0260100,1,7,0
NJ0080000,1,0,0
PA0670000,1,0,0
CA0334200,1,6,1
WV0200000,3,48,0
WY0110100,2,18,0
NJ0022300,2,7,2
AR0350100,2,122,1
CA0100100,2,5,1
TX0310000,1,14,0
CA0450200,12,27,6
MI6338900,1,6,0
GA0220000,4,10,0
WY0130100,6,12,2
NC0790000,1,21,0
CO0620000,3,11,1
SD0510000,3,5,0
WA0030100,3,14,0
NY0320000,1,1,0
TX0790100,1,13,0
NJ0120900,2,7,1
MI1323700,3,38,0
MN0690000,2,9,0
NV0130000,2,7,1
MO0490700,2,24,0
TN0060100,2,17,1
MS0230000,2,12,0
MI2539800,3,252,0
VA1120000,2,16,1
AZ0100700,1,3,1
CA0480700,6,89,0
UT0250600,1,9,0
MO0959A00,1,1,0
OR0090100,1,5,0
WA0321500,1,28,3
KY0300100,3,19,0
OK0550400,1,28,0
AZ0100900,5,9,3
VA0120000,1,1,0
TX0920000,1,10,0
LA0210000,1,13,0
UT0250300,2,6,0
TX1840000,2,13,0
CA0240600,1,38,1
ID0030200,1,9,0
MO0480100,1,12,0
WI0320100,1,10,1
GA0350000,1,0,0
CA0040200,4,11,2
CA0302200,2,7,0
CA0040000,5,28,3
WI0710300,1,11,1
NM0260000,3,2,0
IN0480200,1,27,0
LA0230000,2,0,0
NY0275400,2,7,1
WI0180100,4,11,4
IN0180100,6,28,1
WA0272300,5,25,0
MA0112700,1,6,0
IL0162500,1,4,0
ND0180100,1,12,1
NC0640000,1,8,0
WV0060200,1,46,0
GA0290000,5,0,0
WA0340000,4,22,0
AZ0080000,5,44,2
NC0920200,1,4,0
NJ0131900,1,1,0
CA0331100,1,19,0
WI0411500,3,6,2
GA0780000,1,4,0
GA0690100,3,18,2
CA0410600,1,5,0
MI4183400,2,24,2
ID0100200,3,10,0
TX2201300,1,2,0
NC0820000,2,22,0
OH0181800,1,24,0
PA0670200,1,57,0
MS0760100,2,22,0
AL0430200,1,1,0
MO0190000,2,6,1
LA0310000,1,12,0
OK0090000,1,3,0
VA0240000,4,2,0
LA0060000,2,3,0
CA0010700,1,8,1
TX1260000,1,12,0
PA0460100,1,3,0
TN0750200,1,9,0
ID0280100,3,10,0
TN0600000,1,10,0
TX1290000,2,24,0
IA0770500,2,6,2
FL0490100,1,0,0
MO0953000,1,23,0
CA0170000,2,18,0
TX0680000,5,29,1
NM0130200,4,11,0
CA0192800,1,27,1
MD0080000,4,11,0
CA0195600,2,8,0
SC0380000,1,72,0
TX2200900,2,12,2
CA0160000,5,14,1
CA0197500,3,15,1
TN0900000,2,10,0
CA0192400,3,32,3
MT0070100,5,17,0
IN0340100,1,35,0
FL0051100,2,0,0
MO0260100,3,21,0
GA0310000,2,0,0
TX2270900,1,10,0
MD0230000,1,5,1
NC0600600,2,10,0
NC0860000,1,14,0
MA0022200,1,17,0
FL0060400,1,0,0
AL0310200,1,5,0
UT0060000,2,3,0
TX1910000,1,6,0
NC0780100,1,27,0
OK0140000,1,9,0
NJ0130300,2,14,1
AL0430000,3,1,0
NC0490100,1,2,0
MO0490000,2,8,0
GA1410200,1,29,0
MA0072100,1,5,0
TX2460200,1,6,0
CA0430800,2,10,1
CA0411700,2,6,0
CA0370900,1,18,0
OK0600200,2,13,1
TX1990100,1,1,0
MA0110300,2,2,1
FL0030100,1,0,0
SD0490000,1,7,0
TX1650000,2,14,0
CA0411300,2,7,4
CA0300300,2,6,0
GA0330400,2,14,0
NC0630000,1,13,0
NC0920700,2,4,0
IN0030100,1,3,0
WI0600200,2,8,2
AZ0020000,1,11,1
OK0510100,5,15,1
AL0380000,2,1,0
NJ0061000,2,21,2
LA0240000,1,10,0
WA0110200,3,23,3
FL0641200,1,0,0
AR0040100,2,4,0
MI5072200,1,5,0
OK0240100,1,12,0
CT0010400,1,7,0
CA0190100,1,13,1
CA0070800,3,37,2
KS0461000,1,2,0
NV0100000,2,8,0
NC0140000,5,10,0
NM0030100,4,28,2
IL0810800,3,17,0
PA0230400,2,125,2
ME0100100,1,9,1
MN0190000,1,0,0
OH0570500,3,2,1
OH0470400,1,19,0
OH0600000,1,1,0
WI0670000,1,1,0
TX1011300,1,10,2
NB0550000,2,1,0
MO0950H00,1,3,0
VA0100000,1,12,0
AZ0110100,4,13,0
MI8234400,1,7,0
AZ0140000,3,43,0
AL0470200,1,0,0
TX0570800,1,19,0
NB0400100,2,9,0
TN0830100,1,16,1
TX1081400,1,7,0
WI0370300,2,14,2
NJ0090900,1,0,0
NM0130000,2,6,0
CA0196900,5,28,7
CA0011100,2,3,2
MN0271700,1,3,0
WA0171200,2,6,1
OH0670000,1,4,0
MI6381500,1,2,0
NC0120000,1,19,1
GA1410000,2,6,0
WI0650000,3,7,3
GA0510000,2,2,0
NC0810000,2,7,0
OH0700100,4,26,0
CO0010200,1,5,0
NJ0043600,2,6,1
AL0570100,1,6,0
AL0011000,4,0,0
GA0600100,1,45,0
TX2210000,1,1,0
CA0011200,3,14,0
CA0360800,6,17,3
CA0071200,1,6,1
MN0190100,3,8,2
NC0970000,3,21,0
NC0710000,1,3,0
KS0850100,1,11,0
TN0600100,1,15,1
TN0320100,3,7,0
TN0820100,2,11,2
AL0110100,1,7,0
GA0605800,1,5,1
CA0440200,1,13,1
GA0570100,2,13,0
MI6371400,2,5,0
TX2200300,1,7,0
IL0010300,1,5,1
MS0360100,2,8,0
TX2530000,1,1,0
CA0349600,5,17,0
GA0447200,1,12,0
WI0370000,4,5,1
MI1111100,2,4,0
MI1311300,3,5,0
CO0030200,1,6,0
TX0611500,1,7,0
AZ0130700,1,9,0
MS0450000,3,23,0
CO0030100,3,9,0
FL0030600,2,0,0
CA0390300,1,17,1
MI5074000,2,4,0
VA0080000,1,13,1
CA0540600,1,28,0
MN0190800,2,10,1
ID0140100,2,4,0
OR0220000,1,10,0
SC0220000,1,26,0
UT0180200,1,10,0
IL0161700,1,19,0
TN0740000,1,10,0
LA0550100,5,30,0
GA0670300,1,10,0
VA1310000,1,6,0
GA0220100,1,5,0
CA0194800,1,4,0
AZ0080400,4,9,1
TX0571000,3,6,0
IL0820200,2,10,0
TX0790300,2,20,0
GA0600200,1,55,0
TN0220000,1,5,0
AR0460100,1,23,0
CA0470000,4,15,0
NC0230200,1,6,0
UT0060300,1,10,0
ID0100000,4,7,0
CA0194700,2,17,3
OR0020100,1,5,0
CA0570400,2,11,0
CA0440300,1,12,1
TX2201600,1,9,1
AR0630100,2,11,3
WI0540100,1,21,1
IL0161900,1,29,1
NY0070100,3,13,2
GA0890000,1,5,0
GA0170000,1,9,0
CA0330800,6,45,2
CA0011300,1,8,0
CA0390200,2,26,1
CA0431200,1,5,0
VA0820000,1,10,0
NJ0151800,1,7,1
NC0440000,2,6,0
CA0520000,3,16,0
AZ0080500,1,7,0
MO0160100,1,29,0
WI0680400,1,2,1
NC0800500,3,50,1
PA0462900,1,0,0
UT0180400,2,23,0
NM0240000,5,8,0
OR0340400,2,5,0
AZ0111700,2,9,0
GA0230000,2,7,0
MI4185000,4,7,1
VT0040100,2,7,0
MS0380100,3,49,0
TX0030400,3,17,0
NJ0080200,1,5,1
NC0530100,2,5,0
MA0053000,1,3,0
IL0164300,1,1,0
AR0180100,4,64,0
GA1020000,2,1,0
AR0350000,1,19,0
OR0200000,3,9,0
IN0640000,2,2,0
CO0180500,1,1,0
IL0570200,1,7,0
OH0185100,1,2,0
VA0940000,2,15,0
WA0270100,2,11,0
ND0090300,1,6,1
TX0700500,1,2,0
KY0240100,1,23,0
VA1090000,1,21,1
AL0110500,1,0,0
IN0410300,1,8,1
GA1460000,4,5,0
SC0160000,3,49,0
TN0600300,1,7,1
TX0910400,2,16,0
SC0110000,1,13,0
KS0780100,2,7,0
IN0640200,1,0,0
TN0370000,3,8,0
TX0360000,1,17,0
LA0590000,2,12,0
NM0080200,4,23,0
WV0540100,1,20,0
MI2312300,4,11,0
AZ0030000,2,16,0
FL0290100,2,0,0
MO0957300,1,21,0
LA0430000,1,10,0
IA0770100,1,6,0
WA0310500,1,12,0
CA0200200,2,24,2
ID0140000,2,6,0
OR0100000,1,11,0
AZ0111300,2,10,0
NY0050100,1,1,0
NV0040000,1,11,2
WA0172300,1,11,0
GA0200000,2,0,0
CA0330900,1,27,1
NY0370000,1,4,1
CA0540500,1,14,0
TX0430800,1,2,0
TX2490000,1,18,0
MT0160100,1,9,0
CA0050000,2,13,1
PA0360800,1,4,1
CO0010600,5,8,0
IN0220100,1,2,0
KY1050100,1,23,0
MA0094300,1,0,0
GA1120000,2,0,0
NY0350100,1,8,1
NJ0060100,1,24,1
TN0780200,1,5,0
CA0301200,2,4,0
MT0160000,1,4,0
WA0170300,1,6,1
NC0310000,1,17,0
OH0090100,2,12,2
TN0100000,1,4,0
OK0721000,1,10,0
GA0560200,1,3,0
TN0750300,1,9,0
KY0470100,4,13,0
TX2370000,1,8,0
TN0010300,2,10,2
NY0350200,1,23,0
NM0080000,2,1,0
MI6380800,2,14,1
CA0370800,1,12,0
ME0030000,1,0,0
WA0310400,2,2,0
GA1080000,1,5,0
WI0411000,1,4,1
GA0440400,4,9,0
FL0050200,4,0,0
WV0020000,2,15,0
MN0100000,2,6,1
CA0280200,5,8,4
IN0490200,1,18,0
MD0180000,1,3,1
FL0640400,1,0,0
IL0190800,1,11,0
TX2360100,1,7,0
OH0230100,1,4,0
OH0320100,1,13,0
WI0410800,2,2,0
OK0740100,3,14,2
NC0880000,1,4,0
TN0220100,1,5,1
TX1010900,1,10,0
TN0780300,1,3,0
TX2430000,2,4,0
MI4714700,1,2,0
PA0671500,2,7,3
CA0310400,1,2,0
CA0510200,1,15,1
CA0290000,4,15,1
MT0560000,2,9,0
CA0300200,1,3,0
WA0030000,2,8,0
OH0780700,1,37,0
WI0410500,1,3,0
IN0451400,1,24,1
IN0200200,1,4,1
WI0360100,1,4,0
KY0570100,1,5,0
IL0920300,1,31,1
LA0520200,1,12,0
MS0610200,1,0,0
KS0280100,1,9,0
OH0020000,2,3,0
CA0160200,1,12,0
CA0430400,2,9,1
CA0550000,1,8,0
TX0840300,1,2,0
GA0280500,1,4,0
MO0730000,1,7,0
NY0540100,1,4,0
OR0060000,1,3,0
AR0600100,3,24,3
MS0250300,2,2,0
MT0150000,3,14,0
CA0300700,1,1,0
AZ0020900,1,11,0
IL0161400,1,1,0
NC0560000,1,14,0
TX1840100,5,2,0
WI0140000,1,3,0
MI7047400,1,6,0
IL0600100,1,16,0
SC0120000,2,20,0
GA1360000,2,3,0
VA1130000,2,28,0
VA0690000,1,5,0
WY0030000,1,4,0
PA0140300,1,6,0
PA0090300,1,9,1
AL0290000,2,1,0
WA0080200,3,10,0
CO0210200,2,6,0
NM0190100,2,7,0
TN0050200,1,4,1
IL0490600,1,2,0
VA0960000,2,5,0
IN0320000,1,2,0
OR0200600,3,16,0
MT0320000,1,6,0
TX0571700,2,16,0
OH0510100,1,8,0
IL0165900,1,4,0
GA0600600,1,10,0
NC0330000,2,19,0
TX1250000,1,5,0
CA0192300,1,2,0
TN0300100,3,4,0
CA0570100,1,8,1
MO0100000,2,16,0
TN0530000,2,11,1
NC0850000,1,3,0
CA0071100,1,10,0
NC0570000,1,3,0
OH0070000,1,9,0
AR0580100,1,3,0
NM0230000,1,3,0
NM0170100,1,11,0
NY0515900,1,0,0
NJ0011900,1,16,0
LA0390000,1,12,0
LA0190000,3,9,0
WV0410000,2,28,0
UT0030100,1,8,0
TN0180000,2,6,1
GA0447100,1,10,1
MN0070100,1,6,0
WA0180100,1,8,0
NJ0181000,1,2,0
OR0170100,2,5,0
MO0570000,1,4,0
LA0580000,2,11,0
TX2330100,2,7,0
NH0081600,1,6,0
WV0170000,1,10,0
OH0185700,1,1,1
KY0561000,1,5,0
NJ0023200,1,1,1
IN0100200,1,2,0
VA1000000,2,5,0
MN0620800,1,5,1
KS0520100,1,17,0
MS0440000,2,6,0
PA0090500,1,6,0
FL0590200,1,0,0
TX0200100,2,8,1
AR0170100,1,4,0
ME0010100,2,5,1
SC0240100,1,29,0
AR0660000,1,0,0
FL0550100,1,0,0
SC0320200,1,7,1
OH0850000,1,5,0
AR0630000,1,11,0
IA0770400,1,4,1
AR0730000,2,15,0
AZ0070700,3,8,0
OH0290100,1,6,0
TX0940300,1,7,0
OH0780000,1,3,0
MS0300300,1,16,0
CO0340100,1,4,0
NC0140200,1,4,0
VA1050000,1,8,0
GA1070100,1,13,0
CA0193100,1,15,0
AL0500000,2,1,0
MI7371700,2,91,0
MA0050300,1,2,0
CA0196200,2,2,0
AL0580000,2,0,0
AZ0100400,1,2,0
NJ0111000,1,1,1
NH0092000,1,6,1
WY0030100,1,6,0
FL0290300,1,0,0
KS0080000,1,3,0
SC0360000,1,11,0
FL0521800,2,0,0
MO0480400,2,15,1
MS0440100,2,0,0
FL0460200,1,0,0
OH0251100,1,19,0
WI0050800,1,2,0
IN0790000,2,2,0
AL0440000,1,0,0
CA0360300,2,27,0
AL0110000,3,0,0
CA0192600,1,1,0
CA0010800,2,8,2
CA0190500,6,15,3
NY0250000,1,3,0
NY0180000,1,3,0
MS0380000,2,13,0
SC0130000,1,22,0
GA0680000,2,2,0
NC0730000,2,14,0
TX2300000,1,16,0
VA0170000,2,5,0
TN0150000,3,13,0
MI6362800,1,8,1
TX1300000,1,1,0
NJ0033000,1,11,1
MO1050000,1,4,1
CO0230000,1,5,0
OK0360300,1,8,1
NC0700000,1,6,0
CO0180700,1,2,0
OH0700000,1,7,0
TX1070000,1,16,0
CA0500100,3,7,1
AL0640000,2,1,0
TX1020000,2,12,0
MT0250000,1,5,0
SC0150000,1,36,0
MA0142800,1,2,0
TN0110000,2,6,0
MO0190200,2,12,0
CO0430000,1,3,1
IA0820000,1,2,0
LA0370200,1,10,0
WA0230000,3,17,0
MI8018000,1,8,0
CA0330200,3,8,1
AL0080000,2,1,0
MN0700400,1,7,0
FL0320000,3,0,0
TN0320000,1,3,0
WA0360100,1,10,1
AZ0080100,4,13,5
AK0010300,1,11,1
CA0270600,1,5,1
GA0880000,1,3,0
TX0200800,2,7,0
CT0009600,1,4,0
WA0190000,1,6,1
VA0580000,2,9,0
GA0310200,1,25,0
LA0410000,2,0,0
KY1140000,1,4,0
CA0190900,2,10,1
MI0923900,1,7,2
MS0170400,2,12,0
IA0290100,3,13,2
AR0630200,1,1,0
KS0310100,1,9,0
TN0330200,1,5,0
MS0340200,1,16,0
GA0430100,1,6,0
CA0332500,3,28,2
CA0150300,4,40,1
TX1160000,1,11,0
OH0840000,1,5,0
NC0950000,1,8,0
MN0020600,1,7,1
AR0430200,1,4,0
IA0230100,1,5,1
OK0100100,1,12,0
TX1330100,3,8,0
MD0171400,1,13,1
MO0958000,1,4,0
GA0670800,1,2,0
SC0320500,1,9,0
TX1012300,1,2,0
MI3813800,3,8,1
CA0301600,1,3,0
NM0050100,1,7,0
IA0820100,2,3,1
GA0930000,1,4,0
WI0720000,1,5,1
NJ0151600,2,1,0
OK0690200,1,7,0
OK0190300,1,4,0
OH0480200,1,2,0
IN0730100,1,1,0
ID0030000,1,2,0
FL0590700,1,0,0
PA0462100,1,1,0
VA1150000,1,9,0
WV0200600,1,4,0
UT0181200,1,1,0
OR0360000,2,7,0
WV0060000,1,1,0
CA0240500,2,19,2
OR0030700,1,1,0
MN0271800,1,3,0
TX0711600,1,1,0
MO1070000,1,5,0
ID0350200,1,11,1
ID0060000,1,3,0
OH0480600,3,2,0
FL0200000,1,0,0
WI0180000,3,8,3
NC0090000,2,8,0
MA0093600,1,0,0
MN0110000,1,7,0
AL0050200,1,0,0
IL0492300,2,12,0
PA0462200,2,9,0
TN0020100,1,6,0
GA0080100,1,2,0
KY1050000,3,3,0
KS0190100,1,2,0
ME0060100,1,2,0
WA0150000,2,4,0
IN0180000,1,5,0
CA0130400,1,11,0
AL0610000,2,2,0
OH0313400,1,9,0
PA0450800,1,8,0
WA0040400,1,4,1
WY0110000,1,8,0
KY0240000,1,5,0
MI3849700,1,40,0
WI0110000,1,7,1
FL0020000,1,0,0
VA0050000,1,7,0
MN0130000,1,2,0
NY0335300,1,2,0
TX1390200,2,9,0
MI8270900,1,20,0
IL0162700,3,0,0
IL0900300,1,3,0
IL0220300,1,2,0
IN0360200,1,5,0
MD0171500,1,8,0
GA0640100,1,4,0
FL0510200,1,0,0
GA0660000,1,4,0
NC0450100,1,6,0
TN0100100,3,0,0
AR0470000,1,3,0
AK0011800,1,12,0
NJ0070400,1,0,0
IN0840000,1,8,0
PA0450900,1,7,0
ID0090000,2,10,1
OH0771200,1,1,0
NC0990000,1,9,0
OH0670300,2,3,1
VA0490000,1,3,0
TN0070000,2,5,1
CT0015900,1,1,0
TN0260000,2,6,0
WA0130200,1,5,0
ND0450100,1,4,1
OH0431200,1,2,0
MS0170300,1,2,0
WA0080000,2,8,0
UT0250700,1,3,1
MI3889000,1,10,0
VA0720000,1,2,0
TX2360000,1,6,0
IN0100000,1,3,0
OH0770200,1,8,0
IL0900000,1,2,0
SC0270000,1,22,0
MO0120200,1,7,0
NC0910100,1,43,0
GA0250500,1,4,0
NM0320000,5,3,0
CA0420200,4,16,0
KY0150000,1,8,0
KY0730000,2,6,0
OH0520100,1,3,0
NY0465400,1,2,1
IN0270000,1,0,0
MO0510000,1,7,0
WI0710200,3,4,1
MT0150300,1,5,1
TX0310900,1,1,0
ND0300200,1,5,1
MA0095300,1,2,1
PA0391300,1,1,0
PA0110400,1,24,0
AZ0120100,1,4,0
OH0181700,3,28,0
GA0630100,1,9,1
IL0190000,1,2,0
FL0131200,1,0,0
MD0080400,2,7,0
VA1300000,1,3,0
WV0170200,1,1,0
UT0230100,1,2,0
UT0110100,1,7,0
OH0650000,1,3,0
OK0190000,1,11,0
UT0184200,1,0,0
MO0240600,1,3,0
NH0064000,1,1,0
NC0101300,1,2,0
WI0280300,1,0,0
IL0168800,2,5,1
TX1300100,2,2,0
TN0270000,2,5,0
OK0110100,3,3,0
NM0320300,1,0,0
KS0850000,1,4,0
OK0660000,2,14,0
KY0470000,1,10,0
WA0210000,1,10,1
WA0050000,1,6,0
WV0400000,2,3,0
OR0241700,1,4,0
MO0240400,1,7,0
CA0120300,1,17,1
NB0270100,1,2,0
TX2202400,1,5,0
TN0930000,3,5,0
CA0090200,2,7,1
OK0550200,1,28,0
FL0350100,1,0,0
AL0020200,1,11,0
KS0400100,2,4,0
CT0000200,1,3,0
WV0150200,1,3,0
GA0590000,1,9,0
MN0480000,1,9,1
NJ0080500,1,2,0
WA0140100,1,6,1
MA0031600,1,2,0
NM0030000,5,17,0
NC0010300,1,8,0
AL0200300,1,1,0
IL0163500,2,3,0
NJ0012200,2,7,1
WV0310000,5,0,0
UT0060100,1,4,0
WV0540000,1,7,0
UT0290200,3,6,3
TX1000000,1,8,0
TX1740000,2,7,0
MN0580000,1,5,0
OK0720600,1,2,0
OR0341200,2,2,0
AR0580000,3,10,0
WI0520300,1,2,0
CA0360100,5,17,0
SC0170000,2,42,1
AR0700000,1,10,0
MA0145700,1,0,0
VA0970000,2,9,0
TN0230000,1,1,0
MA0140300,1,4,0
KY0590500,1,5,0
NV0020400,1,4,0
AL0580100,1,0,0
NC0660000,1,5,0
TN0890100,1,11,0
FL0450100,1,0,0
MS0760000,1,6,0
LA0260400,1,5,0
OH0040000,5,2,0
AK0010200,6,31,3
OH0183600,1,2,0
TX2202600,2,5,0
AZ0120000,2,2,0
NC0050000,2,1,0
MN0210000,1,3,1
VA0810000,1,7,0
IL0221700,1,2,1
IA0770800,1,1,0
KY0180100,1,5,0
VA0140000,1,9,0
OH0780600,1,5,0
GA0280300,1,1,0
TX1610100,1,17,0
KY0110100,1,0,0
CA0010400,1,2,0
GA0790000,1,2,0
GA0340100,1,2,0
TN0500100,1,3,0
NC0860200,1,1,0
MO0956200,1,3,0
OH0430000,3,2,0
KY0760000,1,1,0
MS0550000,1,0,0
WA0171700,1,13,0
ME0010000,1,1,0
MN0270200,2,15,0
KY0591900,1,1,0
IL0451300,1,0,0
CA0101500,1,14,0
WI0380000,4,9,4
IL0221200,1,1,0
PA0280100,1,8,0
TX0700100,1,3,0
VA0840000,2,5,1
TX0840700,2,24,0
TX0080000,1,1,0
IN0350100,1,0,0
GA0310500,1,13,0
SC0010000,1,6,0
NM0160100,4,3,0
FL0410600,1,0,0
WI0310000,2,4,1
CA0530000,1,11,1
TX2470000,2,4,0
TX0370000,1,9,0
AL0140000,1,0,0
ID0330100,2,2,2
AR0320000,1,12,0
MI8242000,1,2,0
TX0570200,1,12,0
OR0180100,1,13,0
KS0461200,1,1,0
MN0270400,1,9,0
TX0280000,1,4,0
MS0480000,2,3,0
FL0040000,2,0,0
WI0411400,1,6,1
GA0200100,2,2,0
NC0010400,1,1,0
AL0290600,2,0,0
MN0040100,1,7,1
AR0050100,1,5,0
AZ0071900,1,0,0
FL0130800,1,0,0
KY0630000,2,23,0
OR0170000,1,15,0
TX2500000,1,3,0
OK0420000,1,4,0
AL0390000,1,0,0
CA0160300,1,5,0
CA0540100,2,4,1
IN0730000,2,2,0
AR0030000,1,9,0
CA0197000,2,2,0
OH0571200,2,25,0
MO0220200,1,3,0
AL0200000,1,3,0
MN0271400,2,3,1
OH0184300,2,0,0
TN0390000,2,5,0
TN0560000,1,5,0
TX0010100,1,9,1
FL0530100,1,0,0
OK0620100,2,5,0
KY1060100,1,5,0
FL0300000,1,0,0
NC0360900,1,7,0
CO0220100,2,8,0
TX2250100,1,5,0
TX1610000,1,6,0
AR0470100,1,54,0
AL0110200,1,0,0
AZ0130300,1,2,0
FL0130300,1,0,0
NC0230100,1,6,0
TX0190000,1,5,0
TN0540000,1,4,0
WI0090000,1,5,1
CA0330100,1,23,0
MI2583900,1,11,0
WI0220000,1,9,1
MN0500100,2,5,1
MO0120000,1,8,0
MI3950000,2,9,0
MS0570000,1,1,0
GA1510000,1,3,0
MS0620000,1,8,0
MA0130500,1,1,0
IN0330200,2,0,0
MI8278300,1,1,0
MA0145400,1,1,0
IL0161100,1,3,0
IN0451300,2,0,0
TN0800000,1,1,0
IN0490100,1,1,0
AL0011300,1,0,0
LA0140000,1,0,0
DE0030500,2,5,1
LA0010100,1,19,0
TX0200500,1,2,0
NC0440200,1,8,0
LA0060100,1,5,0
TN0010100,2,3,1
MO0920000,3,0,0
WV0190000,1,7,0
WA0330000,1,15,0
OH0050000,1,4,0
WV0250000,2,2,0
MN0310000,1,5,0
OH0520300,1,4,0
CO0620400,2,4,0
LA0200000,1,2,0
KS0260100,1,4,0
MO0800000,2,2,0
OK0720300,2,3,0
TN0160200,1,5,0
NY0357000,1,0,0
IL0451000,2,0,0
WI0140100,1,4,1
MN0070000,1,3,0
WI0350000,3,3,2
NC0040000,4,9,0
WA0110000,1,6,0
NY0130100,1,3,1
GA0430000,1,5,0
MO0540000,1,0,0
IL0166500,1,4,0
WI0550000,1,9,1
OH0181000,1,4,0
CO0100000,2,1,0
IN0150000,1,0,0
WA0311900,1,1,0
CA0560600,1,10,1
WI0430000,1,8,1
WI0100000,2,2,1
MN0190300,1,3,1
TX1090000,1,6,0
TX0430200,1,2,0
OH0770500,1,0,0
CA0150700,1,3,1
IL0470200,1,0,0
TN0590000,1,0,0
TX0950400,1,2,0
SC0390200,1,1,0
SC0440000,2,6,0
KY0710000,1,4,0
OK0160000,2,3,0
ME0060400,1,3,1
IL0169200,1,0,0
PA0430600,1,12,1
WA0270700,1,7,0
LA0300000,1,5,0
SC0370100,1,6,0
NY0353500,1,2,0
AR0430000,4,15,0
FL0640600,1,0,0
KY0370000,1,6,0
AR0050000,1,9,0
AR0300000,1,3,0
CA0271200,1,5,1
PA0061300,1,3,0
OH0040100,1,0,0
MN0020100,1,2,0
IL1000400,1,1,0
OH0200100,1,1,0
AZ0020500,1,2,0
CO0420000,2,1,0
GA0330800,1,2,0
TN0090000,1,5,0
NB0790100,1,8,0
TX1500000,1,4,0
IL0167000,1,4,0
TN0540100,1,7,0
TX2200200,1,1,0
NM0250100,1,4,0
AL0010600,1,0,0
MS0430100,2,21,0
CA0196700,1,2,0
WY0070200,1,8,0
LA0320100,1,4,0
FL0230000,1,0,0
AL0140100,1,0,0
TX0040100,1,10,0
NC0730100,1,7,0
TX2201900,1,0,0
PA0280000,1,0,0
WV0280000,2,22,0
CA0271000,1,7,1
KY0900000,1,10,0
IN0330000,2,2,0
WA0240000,1,7,0
CA0150600,1,7,1
OK0630000,2,13,1
OH0300000,1,0,0
CA0196100,3,7,0
OK0490000,1,3,0
PA0670900,1,4,0
TN0670000,2,1,1
MS0300600,1,9,0
WI0230000,1,0,0
OH0740200,1,0,0
WI0371300,1,4,1
TX1230500,1,4,0
RI0030500,1,2,1
LA0560000,1,5,0
KS0750000,1,2,0
TN0920000,1,5,0
OK0440000,1,6,1
FL0150000,1,0,0
VT0110200,2,2,0
TN0330600,1,3,0
MN0500000,1,1,0
GA1590000,1,2,0
DE0010300,1,3,1
ID0010200,2,3,0
NC0760600,1,5,0
SC0230100,1,5,0
NM0210100,1,3,0
NC0070100,1,9,1
LA0460000,1,23,0
GA0370000,1,0,0
CO0030400,1,5,0
ME0160000,2,4,2
ME0060000,1,3,1
CA0190700,1,11,0
TX1290100,1,1,0
OH0100000,1,1,0
AL0260000,1,0,0
OR0270000,2,5,0
OK0550100,1,9,0
MN0240100,1,3,1
AZ0040600,2,1,0
NJ0081000,1,0,0
TN0210000,1,2,0
ID0200200,1,1,0
MS0300100,2,0,0
NB0220100,1,2,0
TX0260000,1,1,0
MO0730300,1,4,0
ID0060200,1,4,0
CO0440200,1,5,0
NC0330200,2,4,0
FL0540100,2,0,0
AL0051300,1,0,0
WV0280200,1,6,0
TN0530100,1,4,1
ME0130000,1,2,0
CA0330600,1,33,1
NY0360000,1,1,0
PA0024200,1,0,0
CA0130100,1,8,0
UT0230000,1,3,0
WI0420000,1,5,1
WI0450400,1,0,0
MN0020700,1,1,0
MN0020400,1,3,0
MO0530000,1,0,0
TX1120000,1,9,0
IL0491600,1,0,0
GA1140000,1,3,0
AL0270100,1,3,0
CA0230300,1,3,0
SD0170100,1,7,1
PA0650200,1,0,0
MO0140300,1,3,0
SC0090000,1,10,0
NB0560000,1,0,0
OK0050100,1,4,0
TN0430000,1,2,0
MS0180200,1,2,1
OK0400100,2,4,0
VA0770100,2,2,0
AL0500300,1,1,0
OR0190000,2,1,0
TN0270200,1,7,0
KS0290000,1,1,0
OK0110000,2,12,0
CA0240100,2,11,0
IN0470000,1,0,0
OK0090500,1,1,1
NM0290000,2,2,0
MN0820200,1,3,0
TX0572200,1,3,0
OR0060200,1,5,0
MN0271900,2,6,1
CA0520200,3,4,0
AL0260100,1,2,0
ID0200000,3,4,0
AZ0131200,1,5,0
WA0080100,3,5,0
MN0430000,1,0,0
AK0015600,4,3,1
VA0400000,1,6,0
WI0360200,1,4,0
VA0350000,1,2,0
NY0342900,1,3,0
AL0310500,1,0,0
CO0020100,1,7,0
SC0270100,2,6,0
GA1110200,1,0,0
UT0061200,1,0,0
KY1060000,1,0,0
OK0680000,3,7,0
NY0465100,1,0,0
KY0970000,1,1,0
OR0340600,1,0,0
OK0450000,4,4,0
WA0210100,1,6,0
GA1320000,1,3,0
TX0791400,2,0,0
OR0230000,1,4,1
IL0890000,1,1,0
OK0720700,1,2,0
NC0460000,1,22,0
MS0140100,1,0,0
TX1100100,1,8,0
FL0641000,1,0,0
TN0330800,1,0,0
AL0060100,1,1,0
OR0230200,1,4,0
AR0320100,1,3,0
IL0169400,1,1,0
TX1770300,2,1,0
WI0230100,1,2,1
AZ0131400,1,0,0
AL0370000,1,5,0
GA0750400,1,3,1
NC0030000,1,0,0
MO0420100,2,3,0
AL0200100,1,0,0
KY0070100,2,3,0
NC0820100,1,5,0
MN0691400,1,2,0
GA1460100,1,0,0
MO0780000,1,10,1
TN0350100,1,9,1
WY0050000,1,0,0
MI6326100,1,0,0
CA0310300,1,3,1
MI1811800,1,9,0
ID0260000,1,3,0
OR0030900,1,0,0
MS0020000,1,1,0
IN0451500,1,1,0
KY0180000,1,5,0
MN0820600,1,3,1
MI5215200,1,1,1
MS0690000,2,2,0
CO0470000,2,4,0
MI1511500,1,1,0
WI0270000,2,5,2
IN0610000,1,0,0
OK0260100,3,17,3
OH0240000,2,6,0
MN0430200,1,0,0
CO0010800,1,5,0
NY0380100,1,2,0
TX1450000,1,2,0
TX1710100,1,3,0
AR0620100,1,22,0
PA0100100,1,3,0
NM0080100,1,4,0
MO0490600,1,2,0
OK0420100,1,7,1
UT0080000,1,2,0
KY0090100,1,1,0
TN0940200,2,4,2
OK0550700,1,0,0
TN0260200,2,6,2
OK0680100,2,4,1
NC0380000,1,1,0
WI0020000,1,4,0
AL0480100,1,0,0
IL0167800,1,3,1
NJ0080900,1,0,0
KS0260000,1,0,0
MI3413400,1,4,0
CA0130200,1,0,0
AL0420000,1,2,0
UT0060500,1,0,0
AL0620000,1,5,0
ME0030400,1,2,1
UT0290300,2,2,1
NC1000000,1,2,0
PA0481500,1,1,1
OR0330100,1,1,0
CA0170200,1,10,0
PA0651000,1,7,0
NC0690000,1,4,0
MO0880000,1,2,0
CT0010600,1,1,0
FL0030500,2,0,0
NJ0191500,1,0,0
TN0070200,1,2,0
SC0210200,1,5,1
OH0570900,1,2,0
KS0400000,1,3,0
IN0310000,2,0,0
IN0500000,3,0,0
WA0180700,1,1,0
OK0400000,1,8,0
UT0061100,3,1,0
MO1110000,1,1,0
WV0340000,1,6,0
OK0610000,1,7,0
OR0270100,2,1,0
MO0390200,1,1,0
TN0250000,1,5,1
MN0330000,1,0,0
PA0022700,1,8,0
AR0360000,1,6,0
GA0650000,1,3,0
IL0290000,1,2,0
WA0090200,1,3,1
MN0620500,1,2,0
OH0571800,1,0,0
CA0400200,1,5,1
TX2201100,1,12,0
NH0100600,1,2,1
OH0184500,1,3,1
NM0230100,1,4,0
MO0050200,1,3,0
IL0980600,1,0,0
AL0200200,2,0,0
OK0720400,1,1,0
CO0360100,3,3,1
WI0210000,1,5,1
OK0080100,2,6,0
OH0700200,1,0,0
IN0150200,1,1,0
VA0580500,1,0,0
OK0210000,1,8,0
MI3013000,1,4,0
ME0080000,1,0,0
WV0140000,1,2,0
NB0130000,1,2,0
CA0200100,1,7,1
CA0120100,1,7,0
VA0150000,1,5,0
CT0013900,1,1,0
NY0552700,1,0,0
WA0172200,1,0,0
MN0010000,1,5,1
ME0030300,1,1,0
OK0560200,1,11,0
MN0272000,1,1,0
KY0030000,1,0,0
CO0230100,1,4,0
WI0420200,1,2,1
ID0090200,2,2,0
MO0070000,1,1,0
SD0400000,2,2,0
NM0140100,3,2,0
OH0572400,1,2,0
GA0780100,1,1,0
OR0040300,2,1,0
KS0500000,1,1,0
TX1360000,1,0,0
MO1130000,1,5,0
MS0730000,1,2,0
TX0340000,1,5,0
WV0300000,1,6,0
IL0590000,1,1,0
UT0060400,1,2,0
OH0781200,1,0,0
IA0920000,1,1,1
KY0070000,1,2,0
GA0780600,1,2,0
CO0380100,2,4,0
CA0150900,1,4,1
AR0710000,2,3,0
WA0180500,1,0,0
TX0830000,1,4,0
GA0740000,1,3,0
FL0070000,1,0,0
CA0450100,2,3,0
TX0740100,1,2,0
IA0940000,2,4,0
AR0360100,1,3,0
CO0620100,1,1,0
NC0520000,1,0,0
AZ0040100,1,3,1
ND0360100,1,1,1
AL0610400,1,0,0
AL0450000,1,14,0
GA0210000,1,0,0
KS0570000,2,0,0
WV0400100,1,0,0
MO0500200,1,2,0
AL0230200,1,0,0
OK0120100,1,3,0
NY0592400,1,0,0
VT0060000,1,0,0
ME0020000,3,1,1
KY0050000,1,4,0
CA0080000,2,9,0
IN0090000,1,0,0
IN0390000,1,0,0
MI3213200,1,2,0
CO0390200,1,2,0
CA016070X,1,8,1
MA0144600,1,0,0
NM0130400,1,6,0
MA0142400,1,0,0
NM0300000,2,1,0
IA0560100,2,4,1
MN0460100,1,1,1
AZ0090900,1,6,0
LA0340100,1,16,0
NJ0160100,1,0,0
TN0200000,1,1,0
GA0120000,1,2,1
KY0710100,1,3,0
NB0010000,1,2,0
AR0560200,1,4,0
TX0270100,1,0,0
OH0871800,1,1,0
GA0370100,1,2,0
CO0410000,1,1,0
NC0180300,1,0,0
TX0220000,2,1,0
MS0640000,1,0,0
OK0620000,2,1,0
MI1124900,1,13,0
IA0080100,2,1,1
MO1090000,1,0,0
AR0140000,1,8,0
WI0340000,1,0,0
GA0390000,2,4,0
PA0650600,1,0,0
TX2080100,2,3,0
OH0500800,1,0,0
CO0230300,1,1,0
VT0140300,1,0,0
KS0670100,1,0,0
TN0240500,1,0,0
ID0240000,2,1,0
TN0510000,2,2,0
GA0750300,1,1,0
MO0550100,1,1,0
WI0690200,1,2,1
TX1000200,1,5,0
NJ0142300,1,1,0
TX0920200,1,2,0
TX2370100,1,2,0
WV0200400,1,0,0
WY0020000,1,0,0
TN0900200,1,1,0
WV0190300,1,1,0
LA0050200,1,5,0
GA0490000,1,1,0
GA1470300,1,4,0
NC0570100,1,0,0
OK0450100,1,2,0
CA0040500,1,2,0
OH0660000,3,8,0
OH0831000,1,1,0
MS0200000,2,5,0
MS0500000,1,0,0
IN0910000,1,0,0
IN0350000,3,0,0
TX2100000,1,8,0
IL0280000,1,0,0
WA0320100,1,0,0
UT0230200,1,1,0
LA0610000,1,6,0
TX0810000,1,2,0
IL0670000,1,0,0
NY0062900,1,0,0
AR0540100,2,45,0
OR0060600,1,3,0
MN0691700,1,0,0
OK0730100,3,7,0
LA0640000,2,4,0
PA0620100,1,2,0
ME0020600,2,5,3
NC0450300,1,3,0
MT0340100,1,1,0
GA0070200,1,2,0
OK0600100,1,0,0
AZ0100100,1,3,0
GA1590100,1,2,0
TN0510100,1,1,0
WV0420000,1,3,0
OH0253500,1,2,0
OK0560000,2,10,0
IN0680000,1,0,0
SD0510300,1,2,0
OR0240300,1,1,0
WI0650200,1,1,0
OH0780100,1,0,0
NY0442900,1,2,1
KY0590200,1,3,0
TX0560100,1,3,0
CA0420100,1,2,0
IL0420200,1,1,0
NB0930100,1,0,0
NJ0190400,1,2,1
TN0170000,2,1,1
WI0340100,2,1,1
VT0120200,2,1,0
IL0200000,1,0,0
CO0260100,1,1,1
KS0760100,1,0,0
WY0010000,2,1,0
AZ0060000,1,0,0
NC0360400,1,4,0
WY0130200,1,3,0
AL0250200,1,0,0
MO0280200,1,0,0
IN0750000,1,8,0
KY0020000,1,1,0
MS0710000,1,1,0
TX2280000,1,2,0
OR0030800,1,0,0
MS0820100,2,0,0
IA0860000,1,1,0
WY0040100,1,2,0
AK0011700,1,4,1
KY0591200,1,0,0
NH0010600,1,1,0
ME0100500,1,3,1
WV0420100,1,0,0
AL0490100,1,1,0
TX1170000,1,1,1
IN0870100,1,0,0
IL0561600,1,0,0
TN0730400,1,1,0
GA0180100,1,1,0
TN0600200,1,1,1
AL0110300,1,0,0
TN0370100,1,0,0
PA0640000,2,0,0
IN0690000,1,0,0
IN0110000,1,0,0
IA0090000,1,1,0
KY1160000,1,0,0
IN0380000,1,2,0
IN0660000,1,1,0
CA0500300,1,4,0
CA0490100,1,0,0
PA0441200,1,0,0
MT0050000,1,4,1
NB0890100,1,0,0
CT0014000,1,0,0
IL0640000,1,1,0
UT0070200,1,1,0
WI0670700,1,1,1
IL0200100,1,0,0
IN0690100,1,0,0
NH0011600,1,1,0
OK0360100,1,4,0
TX1400300,1,2,0
ND0470000,1,3,1
AR0570100,1,1,0
TX1440100,1,1,0
TN0210100,1,2,0
GA1530000,1,1,0
NC0440100,1,0,0
LA0510100,1,0,0
IL0820400,1,0,0
AL0020400,1,0,0
AL0140300,1,0,0
KY0610000,2,0,0
IN0600000,1,0,0
MI6916900,1,1,0
KY0430000,2,0,0
AR0450000,2,2,0
WV0210000,1,2,0
AL0180000,2,1,0
TX1690000,1,0,0
AR0690000,1,1,0
ID0370000,1,2,0
WA0390300,1,9,0
IA0880100,1,1,0
CA0390100,1,1,0
MS0810000,2,0,0
CO0620800,1,0,0
TX1550500,1,2,0
IN0880100,1,0,0
AL0020700,1,0,0
MI5155000,1,2,0
OH0571600,1,0,0
NJ0190200,1,0,0
NM0200100,1,0,0
TX0820300,1,1,0
TX0190400,1,1,0
AZ0091300,1,1,0
NV0040500,1,1,0
LA0401000,1,0,0
KY0450500,2,0,0
GA1410100,1,0,0
AR0080300,1,2,0
OK0500200,1,0,0
OH0400000,1,8,0
WV0490000,1,2,0
IN0240000,1,0,0
OK0010000,1,6,0
OK0580000,1,1,0
AR0240000,1,6,0
AR0490000,1,0,0
AR0530000,1,0,0
OH0310500,1,1,0
TX1940000,1,2,0
MA0052200,1,0,0
KY0390000,1,0,0
WA0080500,1,2,1
MN0800000,2,0,0
IN0700100,1,0,0
IN0850100,1,0,0
PA0233000,1,2,0
MO0590000,2,0,0
TX1660100,1,2,0
KS0970100,1,0,0
NM0270000,1,3,0
NV0140000,1,0,0
MS0770100,1,4,0
WA0240300,1,0,0
IL0380100,1,2,0
TX0080100,1,1,0
OK0190100,1,1,0
TN0760100,1,1,0
TN0240100,1,4,1
NC0610100,1,0,0
GA0080600,1,1,1
AL0650000,2,0,0
IA0530000,1,1,0
WV0160000,2,2,0
AL0240000,2,1,0
IA0190000,1,1,0
AL0210000,1,1,0
IA0040000,1,2,1
WI0090500,1,3,1
PA0390200,2,0,0
OK0520000,1,5,0
NB0170100,1,1,0
CO0360000,2,3,1
MS0320000,1,2,0
TX2080000,1,0,0
AZ0020300,1,4,0
PA0370800,1,0,0
AZ0130100,1,1,0
KY0590700,1,1,0
MT0010100,1,1,0
TN0430100,1,2,0
AR0240100,1,0,0
OH0762500,1,0,0
SC0040400,1,0,0
AK0010800,1,2,1
TX0810100,1,1,0
CA0270900,2,2,0
AL0540000,1,0,0
MO0430000,1,0,0
PA0382200,1,2,1
MS0220000,1,2,0
PA0401100,1,2,0
IA0420000,1,2,0
MO0320000,1,2,0
OK0540000,1,6,0
WA0271100,1,2,0
KY0570200,1,0,0
OK0320000,1,3,0
MI3613600,1,1,0
IA0040100,1,1,0
GA0020000,1,0,0
TX2050200,1,2,0
ID0150000,1,0,0
NB0620000,1,1,0
TX1870800,1,1,0
MS0710100,1,0,0
OK0210800,1,1,0
KY0380100,1,0,0
KY0560600,1,0,0
NC0440500,1,1,0
CO0300900,1,0,0
KY0690000,1,2,0
KY0580000,1,1,0
KY1110000,1,0,0
ND0400000,2,3,1
WV0440000,3,1,0
IL0100300,1,0,0
IA0950000,1,0,0
AR0650000,1,1,0
ID0210100,1,2,0
IA0530100,1,0,0
PA0190800,1,0,0
WV0460100,1,0,0
IA0420100,1,0,0
KS0750200,1,0,0
MT0310000,1,0,0
ID0020000,1,2,0
WA0140500,1,0,0
IN0750100,1,0,0
OK0190800,1,1,0
AR0580200,1,1,0
AR0430100,1,2,0
CO0620500,1,0,0
OK0410200,1,1,0
TN0800100,1,0,0
OH0790500,1,0,0
FL0030400,1,0,0
WV0450000,1,0,0
CA0100600,1,5,0
IL1000100,1,0,0
MT0010000,1,0,0
WI0651200,1,1,1
WA0391300,1,0,0
PA0220300,1,0,0
MN0750000,1,2,1
MN0830200,1,2,1
NH0074400,1,0,0
OR0060300,1,1,0
MT0360000,1,1,1
NB0810000,1,1,0
ID0240100,1,1,0
TN0290300,1,2,0
WA0190200,1,0,0
ID0150100,1,0,0
OK0350100,1,0,0
ID0370100,1,0,0
TX1530000,1,2,0
KS0600000,1,0,0
AZ0110900,1,1,1
KY1100100,1,0,0
NM0130300,2,0,0
WI0490200,1,2,1
AL0640400,1,0,0
MN0690900,1,0,0
MS0610300,1,0,0
OK0060500,1,0,0
TN0310400,2,1,0
GA0990200,1,0,0
MO1150000,1,2,1
KY0350000,1,0,0
KY0160000,1,0,0
MI3832600,1,0,0
OK0750000,1,2,0
TX1082400,1,0,0
MO0290000,2,2,0
KY0290000,2,0,0
ME0080300,1,1,1
TX0070400,1,1,0
WV0210100,1,0,0
IL0790200,1,0,0
MT0200000,1,0,0
KY0880100,1,0,0
UT0110300,1,0,0
IA0480300,1,1,0
NM0190200,1,0,0
IN0360100,1,0,0
IL0210100,1,0,0
VA0820700,2,0,0
TX0613200,1,1,0
OK0390100,1,0,0
TX2000300,1,1,0
TN0070300,1,0,0
FL0320500,1,0,0
NC0090100,1,0,0
WV0100300,1,0,0
LA0400000,2,19,0
OK0120000,1,3,0
KY0450100,2,1,0
AZ0010100,3,0,0
NH0053600,1,1,0
MI7455600,1,2,1
WA0050200,1,0,0
OR0200500,1,0,0
TX1930000,1,0,0
OK0220000,1,3,1
AR0200000,1,0,0
TX1690200,1,0,0
NY0122900,1,0,0
MO0460100,1,0,0
NH0057200,1,0,0
CO0520200,1,0,0
MN0650300,1,1,1
PA0370600,2,0,0
KS0130000,1,0,0
NB0250000,1,1,0
KS0040200,1,0,0
KS0820100,1,1,0
IL0430500,1,1,1
OK0270000,1,0,0
CO0050000,1,0,0
LA0390300,1,0,0
OK0261300,1,0,0
NM0040500,1,1,0
KY0451000,2,0,0
OK0511700,1,0,0
KY0600000,1,0,0
KY0060000,1,0,0
AR0430500,1,0,0
VT0040800,1,0,0
GA1200100,1,0,0
MD0080700,2,0,0
OK0101000,1,0,0
AL0580200,1,1,0
IL0680300,1,1,0
AR0450200,1,0,0
WI0210100,1,1,1
AR0170300,1,0,0
CO0310000,1,0,0
NC0630300,1,0,0
TX0380000,1,0,0
VA0140100,1,0,0
AZ0060100,1,0,0
MI3649300,1,2,0
IL0290500,1,0,0
MN0731600,1,0,0
WA0010200,1,1,0
MO0940100,1,1,0
TX1160400,1,0,0
VA0940300,1,0,0
MO0954500,1,1,0
TN0290100,1,0,0
TX2500200,1,0,0
OK0071300,1,2,0
GA0100300,1,0,0
MS0250700,1,0,0
GA0540200,1,0,0
ME0010600,1,0,0
CO0480100,1,1,0
OH0310900,1,1,0
TX2110100,1,0,0
OK0400300,1,0,0
WV0170500,1,0,0
UT0040700,1,0,0
NH0061800,1,0,0
VA0380200,1,0,0
MN0800200,2,0,0
TX0780000,1,0,0
CA033320X,1,65,2
CA0361200,3,69,4
CA033380X,1,9,4
CA0371200,1,4,1
CA036320X,1,32,4
CA034550X,1,22,1
CA033300X,1,17,5
CA036300X,1,23,2
CA007230X,1,3,0
CA049150X,1,0,0
CA0370400,1,0,0
KY0950000,1,0,0
PA0026400,1,4,0
OK0570200,1,0,0
KS0750400,1,0,0
OK0270900,1,0,0
OH0640300,1,0,0
OH0771400,1,6,1
GA1170000,1,2,0
IN0850000,2,0,0
NV0050000,1,0,0
TN0170400,1,1,0
KY1140400,1,0,0
